UserID,KYC_Level,Account_Open_Date,Risk_Score_History,AddressHistory,Current_Risk_Score,Total_Accounts,Is_VIP
UID_01855,Level 2 (Verified),8/7/2023,"[{""Date"": ""2025-10-13"", ""Score"": 545}, {""Date"": ""2025-09-15"", ""Score"": 608}, {""Date"": ""2025-08-16"", ""Score"": 616}]","[{""AddressID"": ""ADDR-USR00001-1"", ""Street"": ""Street 390"", ""City"": ""Berlin"", ""State"": ""NY"", ""ZipCode"": ""41103"", ""MoveInDate"": ""2015-05-27""}, {""AddressID"": ""ADDR-USR00001-2"", ""Street"": ""Street 613"", ""City"": ""Tokyo"", ""State"": ""LON"", ""ZipCode"": ""87730"", ""MoveInDate"": ""2016-08-21""}, {""AddressID"": ""ADDR-USR00001-3"", ""Street"": ""Street 593"", ""City"": ""Tokyo"", ""State"": ""BER"", ""ZipCode"": ""95457"", ""MoveInDate"": ""2017-01-09""}]",783,2,FALSE
UID_13426,Level 1 (Basic),2/23/2025,"[{""Date"": ""2025-10-09"", ""Score"": 616}, {""Date"": ""2025-09-17"", ""Score"": 545}, {""Date"": ""2025-08-01"", ""Score"": 790}]","[{""AddressID"": ""ADDR-USR00002-1"", ""Street"": ""Street 857"", ""City"": ""Paris"", ""State"": ""PAR"", ""ZipCode"": ""29815"", ""MoveInDate"": ""2015-03-29""}, {""AddressID"": ""ADDR-USR00002-2"", ""Street"": ""Street 420"", ""City"": ""New York"", ""State"": ""TKY"", ""ZipCode"": ""91056"", ""MoveInDate"": ""2016-05-03""}, {""AddressID"": ""ADDR-USR00002-3"", ""Street"": ""Street 907"", ""City"": ""Tokyo"", ""State"": ""TKY"", ""ZipCode"": ""47551"", ""MoveInDate"": ""2017-03-03""}]",591,4,FALSE
UID_09296,Level 1 (Basic),5/18/2021,"[{""Date"": ""2025-10-01"", ""Score"": 591}, {""Date"": ""2025-09-04"", ""Score"": 790}, {""Date"": ""2025-08-07"", ""Score"": 468}]","[{""AddressID"": ""ADDR-USR00003-1"", ""Street"": ""Street 599"", ""City"": ""New York"", ""State"": ""LON"", ""ZipCode"": ""89840"", ""MoveInDate"": ""2015-11-01""}, {""AddressID"": ""ADDR-USR00003-2"", ""Street"": ""Street 779"", ""City"": ""New York"", ""State"": ""PAR"", ""ZipCode"": ""27366"", ""MoveInDate"": ""2016-09-11""}, {""AddressID"": ""ADDR-USR00003-3"", ""Street"": ""Street 129"", ""City"": ""Paris"", ""State"": ""BER"", ""ZipCode"": ""51186"", ""MoveInDate"": ""2017-06-16""}]",741,4,FALSE
UID_12303,Level 2 (Verified),7/13/2024,"[{""Date"": ""2025-10-15"", ""Score"": 790}, {""Date"": ""2025-09-17"", ""Score"": 468}, {""Date"": ""2025-08-24"", ""Score"": 545}]","[{""AddressID"": ""ADDR-USR00004-1"", ""Street"": ""Street 371"", ""City"": ""New York"", ""State"": ""TKY"", ""ZipCode"": ""84370"", ""MoveInDate"": ""2015-02-24""}, {""AddressID"": ""ADDR-USR00004-2"", ""Street"": ""Street 987"", ""City"": ""Tokyo"", ""State"": ""LON"", ""ZipCode"": ""82880"", ""MoveInDate"": ""2016-02-27""}, {""AddressID"": ""ADDR-USR00004-3"", ""Street"": ""Street 762"", ""City"": ""Berlin"", ""State"": ""LON"", ""ZipCode"": ""51880"", ""MoveInDate"": ""2017-11-22""}]",741,1,FALSE
UID_05988,Level 2 (Verified),4/14/2024,"[{""Date"": ""2025-10-20"", ""Score"": 468}, {""Date"": ""2025-08-31"", ""Score"": 545}, {""Date"": ""2025-08-20"", ""Score"": 783}]","[{""AddressID"": ""ADDR-USR00005-1"", ""Street"": ""Street 494"", ""City"": ""Berlin"", ""State"": ""PAR"", ""ZipCode"": ""54785"", ""MoveInDate"": ""2015-05-19""}, {""AddressID"": ""ADDR-USR00005-2"", ""Street"": ""Street 133"", ""City"": ""Tokyo"", ""State"": ""LON"", ""ZipCode"": ""17330"", ""MoveInDate"": ""2016-01-31""}, {""AddressID"": ""ADDR-USR00005-3"", ""Street"": ""Street 366"", ""City"": ""Berlin"", ""State"": ""LON"", ""ZipCode"": ""81475"", ""MoveInDate"": ""2017-01-18""}]",844,1,FALSE
UID_05450,Level 3 (Full KYC),11/5/2020,"[{""Date"": ""2025-10-19"", ""Score"": 844}, {""Date"": ""2025-08-31"", ""Score"": 468}, {""Date"": ""2025-08-20"", ""Score"": 591}]","[{""AddressID"": ""ADDR-USR00006-1"", ""Street"": ""Street 109"", ""City"": ""New York"", ""State"": ""PAR"", ""ZipCode"": ""38386"", ""MoveInDate"": ""2015-06-14""}, {""AddressID"": ""ADDR-USR00006-2"", ""Street"": ""Street 115"", ""City"": ""Berlin"", ""State"": ""TKY"", ""ZipCode"": ""47102"", ""MoveInDate"": ""2016-04-25""}, {""AddressID"": ""ADDR-USR00006-3"", ""Street"": ""Street 181"", ""City"": ""Tokyo"", ""State"": ""PAR"", ""ZipCode"": ""75188"", ""MoveInDate"": ""2017-03-15""}]",790,2,TRUE
UID_06011,Level 2 (Verified),2/6/2021,"[{""Date"": ""2025-10-09"", ""Score"": 608}, {""Date"": ""2025-09-11"", ""Score"": 790}, {""Date"": ""2025-08-03"", ""Score"": 499}]","[{""AddressID"": ""ADDR-USR00007-1"", ""Street"": ""Street 480"", ""City"": ""Berlin"", ""State"": ""NY"", ""ZipCode"": ""44205"", ""MoveInDate"": ""2015-05-28""}, {""AddressID"": ""ADDR-USR00007-2"", ""Street"": ""Street 180"", ""City"": ""Tokyo"", ""State"": ""LON"", ""ZipCode"": ""44132"", ""MoveInDate"": ""2016-12-02""}, {""AddressID"": ""ADDR-USR00007-3"", ""Street"": ""Street 566"", ""City"": ""New York"", ""State"": ""TKY"", ""ZipCode"": ""88979"", ""MoveInDate"": ""2017-11-02""}]",616,5,FALSE
UID_09240,Level 2 (Verified),5/26/2021,"[{""Date"": ""2025-09-29"", ""Score"": 616}, {""Date"": ""2025-09-14"", ""Score"": 844}, {""Date"": ""2025-08-11"", ""Score"": 608}]","[{""AddressID"": ""ADDR-USR00008-1"", ""Street"": ""Street 298"", ""City"": ""Paris"", ""State"": ""TKY"", ""ZipCode"": ""52995"", ""MoveInDate"": ""2015-08-13""}, {""AddressID"": ""ADDR-USR00008-2"", ""Street"": ""Street 371"", ""City"": ""Paris"", ""State"": ""TKY"", ""ZipCode"": ""66281"", ""MoveInDate"": ""2016-08-14""}, {""AddressID"": ""ADDR-USR00008-3"", ""Street"": ""Street 264"", ""City"": ""Berlin"", ""State"": ""NY"", ""ZipCode"": ""32716"", ""MoveInDate"": ""2017-10-27""}]",616,3,TRUE
UID_00667,Level 1 (Basic),7/21/2023,"[{""Date"": ""2025-10-21"", ""Score"": 468}, {""Date"": ""2025-09-07"", ""Score"": 616}, {""Date"": ""2025-08-08"", ""Score"": 616}]","[{""AddressID"": ""ADDR-USR00009-1"", ""Street"": ""Street 547"", ""City"": ""Berlin"", ""State"": ""NY"", ""ZipCode"": ""78743"", ""MoveInDate"": ""2015-08-08""}, {""AddressID"": ""ADDR-USR00009-2"", ""Street"": ""Street 876"", ""City"": ""London"", ""State"": ""NY"", ""ZipCode"": ""34760"", ""MoveInDate"": ""2016-01-18""}, {""AddressID"": ""ADDR-USR00009-3"", ""Street"": ""Street 293"", ""City"": ""Berlin"", ""State"": ""LON"", ""ZipCode"": ""79138"", ""MoveInDate"": ""2017-08-03""}]",844,5,TRUE
UID_07491,Level 1 (Basic),8/11/2025,"[{""Date"": ""2025-10-01"", ""Score"": 591}, {""Date"": ""2025-09-03"", ""Score"": 741}, {""Date"": ""2025-08-20"", ""Score"": 591}]","[{""AddressID"": ""ADDR-USR00010-1"", ""Street"": ""Street 923"", ""City"": ""London"", ""State"": ""TKY"", ""ZipCode"": ""49857"", ""MoveInDate"": ""2015-11-06""}, {""AddressID"": ""ADDR-USR00010-2"", ""Street"": ""Street 977"", ""City"": ""Tokyo"", ""State"": ""NY"", ""ZipCode"": ""94367"", ""MoveInDate"": ""2016-12-29""}, {""AddressID"": ""ADDR-USR00010-3"", ""Street"": ""Street 134"", ""City"": ""Tokyo"", ""State"": ""BER"", ""ZipCode"": ""13448"", ""MoveInDate"": ""2017-07-20""}]",844,3,FALSE
UID_07107,Level 1 (Basic),2/6/2022,"[{""Date"": ""2025-10-01"", ""Score"": 591}, {""Date"": ""2025-09-08"", ""Score"": 783}, {""Date"": ""2025-08-11"", ""Score"": 844}]","[{""AddressID"": ""ADDR-USR00011-1"", ""Street"": ""Street 901"", ""City"": ""Paris"", ""State"": ""LON"", ""ZipCode"": ""32468"", ""MoveInDate"": ""2015-12-22""}, {""AddressID"": ""ADDR-USR00011-2"", ""Street"": ""Street 403"", ""City"": ""New York"", ""State"": ""BER"", ""ZipCode"": ""22948"", ""MoveInDate"": ""2016-01-14""}, {""AddressID"": ""ADDR-USR00011-3"", ""Street"": ""Street 760"", ""City"": ""Tokyo"", ""State"": ""PAR"", ""ZipCode"": ""75432"", ""MoveInDate"": ""2017-01-12""}]",616,5,TRUE
UID_13905,Level 1 (Basic),1/27/2023,"[{""Date"": ""2025-10-04"", ""Score"": 468}, {""Date"": ""2025-09-01"", ""Score"": 783}, {""Date"": ""2025-08-15"", ""Score"": 608}]","[{""AddressID"": ""ADDR-USR00012-1"", ""Street"": ""Street 236"", ""City"": ""Berlin"", ""State"": ""TKY"", ""ZipCode"": ""72970"", ""MoveInDate"": ""2015-12-11""}, {""AddressID"": ""ADDR-USR00012-2"", ""Street"": ""Street 284"", ""City"": ""Tokyo"", ""State"": ""LON"", ""ZipCode"": ""35967"", ""MoveInDate"": ""2016-08-10""}, {""AddressID"": ""ADDR-USR00012-3"", ""Street"": ""Street 498"", ""City"": ""Berlin"", ""State"": ""TKY"", ""ZipCode"": ""47324"", ""MoveInDate"": ""2017-02-18""}]",608,1,TRUE
UID_07780,Level 2 (Verified),10/7/2022,"[{""Date"": ""2025-10-21"", ""Score"": 790}, {""Date"": ""2025-09-18"", ""Score"": 545}, {""Date"": ""2025-08-01"", ""Score"": 616}]","[{""AddressID"": ""ADDR-USR00013-1"", ""Street"": ""Street 823"", ""City"": ""London"", ""State"": ""NY"", ""ZipCode"": ""19873"", ""MoveInDate"": ""2015-04-02""}, {""AddressID"": ""ADDR-USR00013-2"", ""Street"": ""Street 878"", ""City"": ""New York"", ""State"": ""LON"", ""ZipCode"": ""13942"", ""MoveInDate"": ""2016-12-12""}, {""AddressID"": ""ADDR-USR00013-3"", ""Street"": ""Street 688"", ""City"": ""Paris"", ""State"": ""LON"", ""ZipCode"": ""58026"", ""MoveInDate"": ""2017-09-25""}]",545,4,FALSE
UID_04145,Level 1 (Basic),3/22/2021,"[{""Date"": ""2025-10-02"", ""Score"": 783}, {""Date"": ""2025-09-15"", ""Score"": 545}, {""Date"": ""2025-08-23"", ""Score"": 545}]","[{""AddressID"": ""ADDR-USR00014-1"", ""Street"": ""Street 904"", ""City"": ""Paris"", ""State"": ""BER"", ""ZipCode"": ""20111"", ""MoveInDate"": ""2015-08-28""}, {""AddressID"": ""ADDR-USR00014-2"", ""Street"": ""Street 262"", ""City"": ""Berlin"", ""State"": ""NY"", ""ZipCode"": ""13209"", ""MoveInDate"": ""2016-06-11""}, {""AddressID"": ""ADDR-USR00014-3"", ""Street"": ""Street 279"", ""City"": ""Tokyo"", ""State"": ""TKY"", ""ZipCode"": ""30273"", ""MoveInDate"": ""2017-02-11""}]",741,1,FALSE
UID_13716,Level 3 (Full KYC),11/29/2021,"[{""Date"": ""2025-10-13"", ""Score"": 468}, {""Date"": ""2025-09-11"", ""Score"": 741}, {""Date"": ""2025-08-23"", ""Score"": 591}]","[{""AddressID"": ""ADDR-USR00015-1"", ""Street"": ""Street 767"", ""City"": ""New York"", ""State"": ""TKY"", ""ZipCode"": ""48035"", ""MoveInDate"": ""2015-10-16""}, {""AddressID"": ""ADDR-USR00015-2"", ""Street"": ""Street 389"", ""City"": ""London"", ""State"": ""PAR"", ""ZipCode"": ""55842"", ""MoveInDate"": ""2016-10-31""}, {""AddressID"": ""ADDR-USR00015-3"", ""Street"": ""Street 434"", ""City"": ""Paris"", ""State"": ""NY"", ""ZipCode"": ""81995"", ""MoveInDate"": ""2017-07-23""}]",468,1,TRUE
UID_11673,Level 3 (Full KYC),12/31/2020,"[{""Date"": ""2025-10-23"", ""Score"": 608}, {""Date"": ""2025-09-03"", ""Score"": 545}, {""Date"": ""2025-08-22"", ""Score"": 616}]","[{""AddressID"": ""ADDR-USR00016-1"", ""Street"": ""Street 501"", ""City"": ""Paris"", ""State"": ""BER"", ""ZipCode"": ""23719"", ""MoveInDate"": ""2015-01-08""}, {""AddressID"": ""ADDR-USR00016-2"", ""Street"": ""Street 542"", ""City"": ""Berlin"", ""State"": ""TKY"", ""ZipCode"": ""72601"", ""MoveInDate"": ""2016-08-05""}, {""AddressID"": ""ADDR-USR00016-3"", ""Street"": ""Street 752"", ""City"": ""London"", ""State"": ""TKY"", ""ZipCode"": ""24763"", ""MoveInDate"": ""2017-11-12""}]",790,5,FALSE
UID_01234,Level 2 (Verified),1/22/2023,"[{""Date"": ""2025-10-09"", ""Score"": 545}, {""Date"": ""2025-09-15"", ""Score"": 545}, {""Date"": ""2025-08-20"", ""Score"": 783}]","[{""AddressID"": ""ADDR-USR00017-1"", ""Street"": ""Street 397"", ""City"": ""London"", ""State"": ""TKY"", ""ZipCode"": ""75085"", ""MoveInDate"": ""2015-07-30""}, {""AddressID"": ""ADDR-USR00017-2"", ""Street"": ""Street 601"", ""City"": ""Paris"", ""State"": ""BER"", ""ZipCode"": ""94056"", ""MoveInDate"": ""2016-02-17""}, {""AddressID"": ""ADDR-USR00017-3"", ""Street"": ""Street 999"", ""City"": ""New York"", ""State"": ""BER"", ""ZipCode"": ""20386"", ""MoveInDate"": ""2017-07-29""}]",844,1,TRUE
UID_10584,Level 2 (Verified),10/16/2022,"[{""Date"": ""2025-10-20"", ""Score"": 783}, {""Date"": ""2025-09-15"", ""Score"": 783}, {""Date"": ""2025-08-14"", ""Score"": 783}]","[{""AddressID"": ""ADDR-USR00018-1"", ""Street"": ""Street 276"", ""City"": ""Tokyo"", ""State"": ""TKY"", ""ZipCode"": ""47645"", ""MoveInDate"": ""2015-09-22""}, {""AddressID"": ""ADDR-USR00018-2"", ""Street"": ""Street 894"", ""City"": ""New York"", ""State"": ""TKY"", ""ZipCode"": ""96560"", ""MoveInDate"": ""2016-09-10""}, {""AddressID"": ""ADDR-USR00018-3"", ""Street"": ""Street 697"", ""City"": ""Paris"", ""State"": ""PAR"", ""ZipCode"": ""48319"", ""MoveInDate"": ""2017-09-26""}]",616,5,FALSE
UID_14274,Level 3 (Full KYC),9/27/2024,"[{""Date"": ""2025-10-02"", ""Score"": 844}, {""Date"": ""2025-09-11"", ""Score"": 608}, {""Date"": ""2025-08-09"", ""Score"": 545}]","[{""AddressID"": ""ADDR-USR00019-1"", ""Street"": ""Street 742"", ""City"": ""London"", ""State"": ""BER"", ""ZipCode"": ""17472"", ""MoveInDate"": ""2015-04-16""}, {""AddressID"": ""ADDR-USR00019-2"", ""Street"": ""Street 143"", ""City"": ""Paris"", ""State"": ""TKY"", ""ZipCode"": ""79909"", ""MoveInDate"": ""2016-09-30""}, {""AddressID"": ""ADDR-USR00019-3"", ""Street"": ""Street 233"", ""City"": ""New York"", ""State"": ""LON"", ""ZipCode"": ""85998"", ""MoveInDate"": ""2017-08-08""}]",591,3,TRUE
UID_04897,Level 3 (Full KYC),7/18/2022,"[{""Date"": ""2025-10-21"", ""Score"": 616}, {""Date"": ""2025-09-20"", ""Score"": 783}, {""Date"": ""2025-08-13"", ""Score"": 741}]","[{""AddressID"": ""ADDR-USR00020-1"", ""Street"": ""Street 791"", ""City"": ""Berlin"", ""State"": ""LON"", ""ZipCode"": ""99555"", ""MoveInDate"": ""2015-09-18""}, {""AddressID"": ""ADDR-USR00020-2"", ""Street"": ""Street 157"", ""City"": ""London"", ""State"": ""BER"", ""ZipCode"": ""43428"", ""MoveInDate"": ""2016-05-17""}, {""AddressID"": ""ADDR-USR00020-3"", ""Street"": ""Street 617"", ""City"": ""Paris"", ""State"": ""NY"", ""ZipCode"": ""97311"", ""MoveInDate"": ""2017-10-06""}]",608,5,FALSE
UID_11438,Level 2 (Verified),12/19/2020,"[{""Date"": ""2025-10-04"", ""Score"": 499}, {""Date"": ""2025-09-01"", ""Score"": 545}, {""Date"": ""2025-08-01"", ""Score"": 790}]","[{""AddressID"": ""ADDR-USR00021-1"", ""Street"": ""Street 687"", ""City"": ""Berlin"", ""State"": ""PAR"", ""ZipCode"": ""45919"", ""MoveInDate"": ""2015-11-20""}, {""AddressID"": ""ADDR-USR00021-2"", ""Street"": ""Street 650"", ""City"": ""Paris"", ""State"": ""PAR"", ""ZipCode"": ""46082"", ""MoveInDate"": ""2016-07-13""}, {""AddressID"": ""ADDR-USR00021-3"", ""Street"": ""Street 607"", ""City"": ""Berlin"", ""State"": ""PAR"", ""ZipCode"": ""98177"", ""MoveInDate"": ""2017-10-28""}]",783,4,FALSE
UID_04934,Level 2 (Verified),10/27/2021,"[{""Date"": ""2025-10-19"", ""Score"": 468}, {""Date"": ""2025-09-03"", ""Score"": 499}, {""Date"": ""2025-08-11"", ""Score"": 468}]","[{""AddressID"": ""ADDR-USR00022-1"", ""Street"": ""Street 246"", ""City"": ""New York"", ""State"": ""LON"", ""ZipCode"": ""66367"", ""MoveInDate"": ""2015-10-01""}, {""AddressID"": ""ADDR-USR00022-2"", ""Street"": ""Street 188"", ""City"": ""London"", ""State"": ""NY"", ""ZipCode"": ""43712"", ""MoveInDate"": ""2016-01-14""}, {""AddressID"": ""ADDR-USR00022-3"", ""Street"": ""Street 952"", ""City"": ""London"", ""State"": ""NY"", ""ZipCode"": ""94917"", ""MoveInDate"": ""2017-05-04""}]",741,5,FALSE
UID_12643,Level 2 (Verified),8/3/2023,"[{""Date"": ""2025-10-07"", ""Score"": 468}, {""Date"": ""2025-08-30"", ""Score"": 591}, {""Date"": ""2025-08-20"", ""Score"": 783}]","[{""AddressID"": ""ADDR-USR00023-1"", ""Street"": ""Street 883"", ""City"": ""London"", ""State"": ""LON"", ""ZipCode"": ""24517"", ""MoveInDate"": ""2015-04-06""}, {""AddressID"": ""ADDR-USR00023-2"", ""Street"": ""Street 998"", ""City"": ""Paris"", ""State"": ""PAR"", ""ZipCode"": ""57892"", ""MoveInDate"": ""2016-06-28""}, {""AddressID"": ""ADDR-USR00023-3"", ""Street"": ""Street 293"", ""City"": ""Berlin"", ""State"": ""PAR"", ""ZipCode"": ""56421"", ""MoveInDate"": ""2017-12-16""}]",468,2,TRUE
UID_10772,Level 1 (Basic),1/24/2023,"[{""Date"": ""2025-10-22"", ""Score"": 844}, {""Date"": ""2025-09-07"", ""Score"": 468}, {""Date"": ""2025-08-09"", ""Score"": 783}]","[{""AddressID"": ""ADDR-USR00024-1"", ""Street"": ""Street 783"", ""City"": ""London"", ""State"": ""TKY"", ""ZipCode"": ""51250"", ""MoveInDate"": ""2015-05-25""}, {""AddressID"": ""ADDR-USR00024-2"", ""Street"": ""Street 409"", ""City"": ""Berlin"", ""State"": ""BER"", ""ZipCode"": ""57856"", ""MoveInDate"": ""2016-06-21""}, {""AddressID"": ""ADDR-USR00024-3"", ""Street"": ""Street 836"", ""City"": ""Paris"", ""State"": ""TKY"", ""ZipCode"": ""50090"", ""MoveInDate"": ""2017-06-19""}]",591,3,FALSE
UID_02629,Level 2 (Verified),2/14/2023,"[{""Date"": ""2025-10-08"", ""Score"": 741}, {""Date"": ""2025-09-11"", ""Score"": 783}, {""Date"": ""2025-08-05"", ""Score"": 616}]","[{""AddressID"": ""ADDR-USR00025-1"", ""Street"": ""Street 518"", ""City"": ""Berlin"", ""State"": ""TKY"", ""ZipCode"": ""61221"", ""MoveInDate"": ""2015-04-19""}, {""AddressID"": ""ADDR-USR00025-2"", ""Street"": ""Street 484"", ""City"": ""Tokyo"", ""State"": ""TKY"", ""ZipCode"": ""39997"", ""MoveInDate"": ""2016-10-24""}, {""AddressID"": ""ADDR-USR00025-3"", ""Street"": ""Street 772"", ""City"": ""Berlin"", ""State"": ""NY"", ""ZipCode"": ""32416"", ""MoveInDate"": ""2017-04-07""}]",741,2,FALSE
UID_09077,Level 2 (Verified),9/18/2022,"[{""Date"": ""2025-10-22"", ""Score"": 616}, {""Date"": ""2025-08-30"", ""Score"": 844}, {""Date"": ""2025-08-20"", ""Score"": 741}]","[{""AddressID"": ""ADDR-USR00026-1"", ""Street"": ""Street 100"", ""City"": ""New York"", ""State"": ""TKY"", ""ZipCode"": ""98136"", ""MoveInDate"": ""2015-03-28""}, {""AddressID"": ""ADDR-USR00026-2"", ""Street"": ""Street 565"", ""City"": ""Tokyo"", ""State"": ""BER"", ""ZipCode"": ""90999"", ""MoveInDate"": ""2016-10-04""}, {""AddressID"": ""ADDR-USR00026-3"", ""Street"": ""Street 950"", ""City"": ""Paris"", ""State"": ""BER"", ""ZipCode"": ""17577"", ""MoveInDate"": ""2017-05-08""}]",741,1,FALSE
UID_14055,Level 2 (Verified),6/10/2022,"[{""Date"": ""2025-10-01"", ""Score"": 545}, {""Date"": ""2025-09-05"", ""Score"": 844}, {""Date"": ""2025-08-18"", ""Score"": 499}]","[{""AddressID"": ""ADDR-USR00027-1"", ""Street"": ""Street 479"", ""City"": ""London"", ""State"": ""NY"", ""ZipCode"": ""87003"", ""MoveInDate"": ""2015-10-18""}, {""AddressID"": ""ADDR-USR00027-2"", ""Street"": ""Street 616"", ""City"": ""New York"", ""State"": ""PAR"", ""ZipCode"": ""76230"", ""MoveInDate"": ""2016-12-23""}, {""AddressID"": ""ADDR-USR00027-3"", ""Street"": ""Street 498"", ""City"": ""Tokyo"", ""State"": ""TKY"", ""ZipCode"": ""40445"", ""MoveInDate"": ""2017-06-26""}]",790,5,FALSE
UID_14989,Level 1 (Basic),10/6/2025,"[{""Date"": ""2025-10-03"", ""Score"": 790}, {""Date"": ""2025-09-22"", ""Score"": 545}, {""Date"": ""2025-07-31"", ""Score"": 790}]","[{""AddressID"": ""ADDR-USR00028-1"", ""Street"": ""Street 397"", ""City"": ""New York"", ""State"": ""PAR"", ""ZipCode"": ""71203"", ""MoveInDate"": ""2015-04-05""}, {""AddressID"": ""ADDR-USR00028-2"", ""Street"": ""Street 614"", ""City"": ""Berlin"", ""State"": ""BER"", ""ZipCode"": ""67496"", ""MoveInDate"": ""2016-08-20""}, {""AddressID"": ""ADDR-USR00028-3"", ""Street"": ""Street 154"", ""City"": ""Berlin"", ""State"": ""TKY"", ""ZipCode"": ""17770"", ""MoveInDate"": ""2017-12-28""}]",783,4,FALSE
UID_14462,Level 1 (Basic),7/17/2025,"[{""Date"": ""2025-10-15"", ""Score"": 844}, {""Date"": ""2025-09-01"", ""Score"": 790}, {""Date"": ""2025-08-06"", ""Score"": 591}]","[{""AddressID"": ""ADDR-USR00029-1"", ""Street"": ""Street 760"", ""City"": ""Tokyo"", ""State"": ""LON"", ""ZipCode"": ""99043"", ""MoveInDate"": ""2015-02-20""}, {""AddressID"": ""ADDR-USR00029-2"", ""Street"": ""Street 770"", ""City"": ""London"", ""State"": ""PAR"", ""ZipCode"": ""58187"", ""MoveInDate"": ""2016-07-17""}, {""AddressID"": ""ADDR-USR00029-3"", ""Street"": ""Street 154"", ""City"": ""New York"", ""State"": ""PAR"", ""ZipCode"": ""39426"", ""MoveInDate"": ""2017-03-02""}]",545,3,TRUE
UID_13253,Level 1 (Basic),11/15/2021,"[{""Date"": ""2025-10-16"", ""Score"": 741}, {""Date"": ""2025-09-20"", ""Score"": 790}, {""Date"": ""2025-08-16"", ""Score"": 545}]","[{""AddressID"": ""ADDR-USR00030-1"", ""Street"": ""Street 683"", ""City"": ""Tokyo"", ""State"": ""NY"", ""ZipCode"": ""30964"", ""MoveInDate"": ""2015-05-17""}, {""AddressID"": ""ADDR-USR00030-2"", ""Street"": ""Street 938"", ""City"": ""London"", ""State"": ""BER"", ""ZipCode"": ""52336"", ""MoveInDate"": ""2016-02-24""}, {""AddressID"": ""ADDR-USR00030-3"", ""Street"": ""Street 852"", ""City"": ""Paris"", ""State"": ""TKY"", ""ZipCode"": ""48917"", ""MoveInDate"": ""2017-05-07""}]",545,2,FALSE
UID_14689,Level 1 (Basic),8/26/2023,"[{""Date"": ""2025-10-21"", ""Score"": 790}, {""Date"": ""2025-09-18"", ""Score"": 468}, {""Date"": ""2025-08-19"", ""Score"": 608}]","[{""AddressID"": ""ADDR-USR00031-1"", ""Street"": ""Street 885"", ""City"": ""Paris"", ""State"": ""NY"", ""ZipCode"": ""19588"", ""MoveInDate"": ""2015-08-22""}, {""AddressID"": ""ADDR-USR00031-2"", ""Street"": ""Street 137"", ""City"": ""Tokyo"", ""State"": ""LON"", ""ZipCode"": ""42681"", ""MoveInDate"": ""2016-01-23""}, {""AddressID"": ""ADDR-USR00031-3"", ""Street"": ""Street 892"", ""City"": ""London"", ""State"": ""TKY"", ""ZipCode"": ""13496"", ""MoveInDate"": ""2017-09-28""}]",741,2,FALSE
UID_08846,Level 3 (Full KYC),5/22/2021,"[{""Date"": ""2025-10-13"", ""Score"": 790}, {""Date"": ""2025-08-31"", ""Score"": 608}, {""Date"": ""2025-08-06"", ""Score"": 783}]","[{""AddressID"": ""ADDR-USR00032-1"", ""Street"": ""Street 479"", ""City"": ""London"", ""State"": ""NY"", ""ZipCode"": ""46294"", ""MoveInDate"": ""2015-11-28""}, {""AddressID"": ""ADDR-USR00032-2"", ""Street"": ""Street 316"", ""City"": ""Tokyo"", ""State"": ""PAR"", ""ZipCode"": ""97921"", ""MoveInDate"": ""2016-04-15""}, {""AddressID"": ""ADDR-USR00032-3"", ""Street"": ""Street 960"", ""City"": ""New York"", ""State"": ""BER"", ""ZipCode"": ""55120"", ""MoveInDate"": ""2017-01-11""}]",844,3,FALSE
UID_13313,Level 1 (Basic),9/6/2021,"[{""Date"": ""2025-10-15"", ""Score"": 545}, {""Date"": ""2025-08-31"", ""Score"": 616}, {""Date"": ""2025-08-14"", ""Score"": 783}]","[{""AddressID"": ""ADDR-USR00033-1"", ""Street"": ""Street 254"", ""City"": ""Tokyo"", ""State"": ""PAR"", ""ZipCode"": ""20196"", ""MoveInDate"": ""2015-08-11""}, {""AddressID"": ""ADDR-USR00033-2"", ""Street"": ""Street 571"", ""City"": ""Paris"", ""State"": ""TKY"", ""ZipCode"": ""73110"", ""MoveInDate"": ""2016-12-08""}, {""AddressID"": ""ADDR-USR00033-3"", ""Street"": ""Street 135"", ""City"": ""London"", ""State"": ""BER"", ""ZipCode"": ""95700"", ""MoveInDate"": ""2017-02-26""}]",616,2,FALSE
UID_13910,Level 3 (Full KYC),6/3/2024,"[{""Date"": ""2025-10-11"", ""Score"": 790}, {""Date"": ""2025-09-20"", ""Score"": 741}, {""Date"": ""2025-08-03"", ""Score"": 545}]","[{""AddressID"": ""ADDR-USR00034-1"", ""Street"": ""Street 615"", ""City"": ""Paris"", ""State"": ""NY"", ""ZipCode"": ""95854"", ""MoveInDate"": ""2015-06-27""}, {""AddressID"": ""ADDR-USR00034-2"", ""Street"": ""Street 419"", ""City"": ""London"", ""State"": ""LON"", ""ZipCode"": ""49929"", ""MoveInDate"": ""2016-01-27""}, {""AddressID"": ""ADDR-USR00034-3"", ""Street"": ""Street 225"", ""City"": ""Paris"", ""State"": ""LON"", ""ZipCode"": ""80527"", ""MoveInDate"": ""2017-11-21""}]",591,2,FALSE
UID_06381,Level 1 (Basic),9/13/2021,"[{""Date"": ""2025-10-14"", ""Score"": 844}, {""Date"": ""2025-09-23"", ""Score"": 608}, {""Date"": ""2025-08-02"", ""Score"": 468}]","[{""AddressID"": ""ADDR-USR00035-1"", ""Street"": ""Street 611"", ""City"": ""Tokyo"", ""State"": ""BER"", ""ZipCode"": ""80720"", ""MoveInDate"": ""2015-11-27""}, {""AddressID"": ""ADDR-USR00035-2"", ""Street"": ""Street 172"", ""City"": ""New York"", ""State"": ""NY"", ""ZipCode"": ""47089"", ""MoveInDate"": ""2016-11-13""}, {""AddressID"": ""ADDR-USR00035-3"", ""Street"": ""Street 931"", ""City"": ""London"", ""State"": ""TKY"", ""ZipCode"": ""57958"", ""MoveInDate"": ""2017-06-28""}]",741,1,FALSE
UID_03205,Level 2 (Verified),8/28/2023,"[{""Date"": ""2025-10-11"", ""Score"": 468}, {""Date"": ""2025-09-16"", ""Score"": 591}, {""Date"": ""2025-08-06"", ""Score"": 545}]","[{""AddressID"": ""ADDR-USR00036-1"", ""Street"": ""Street 868"", ""City"": ""Paris"", ""State"": ""PAR"", ""ZipCode"": ""25369"", ""MoveInDate"": ""2015-10-16""}, {""AddressID"": ""ADDR-USR00036-2"", ""Street"": ""Street 187"", ""City"": ""Paris"", ""State"": ""LON"", ""ZipCode"": ""65388"", ""MoveInDate"": ""2016-11-07""}, {""AddressID"": ""ADDR-USR00036-3"", ""Street"": ""Street 352"", ""City"": ""Paris"", ""State"": ""NY"", ""ZipCode"": ""20607"", ""MoveInDate"": ""2017-12-27""}]",790,1,FALSE
UID_03984,Level 1 (Basic),4/29/2024,"[{""Date"": ""2025-10-20"", ""Score"": 844}, {""Date"": ""2025-09-01"", ""Score"": 499}, {""Date"": ""2025-08-12"", ""Score"": 545}]","[{""AddressID"": ""ADDR-USR00037-1"", ""Street"": ""Street 736"", ""City"": ""Tokyo"", ""State"": ""TKY"", ""ZipCode"": ""77231"", ""MoveInDate"": ""2015-02-11""}, {""AddressID"": ""ADDR-USR00037-2"", ""Street"": ""Street 722"", ""City"": ""New York"", ""State"": ""NY"", ""ZipCode"": ""88071"", ""MoveInDate"": ""2016-09-12""}, {""AddressID"": ""ADDR-USR00037-3"", ""Street"": ""Street 184"", ""City"": ""Paris"", ""State"": ""BER"", ""ZipCode"": ""92006"", ""MoveInDate"": ""2017-11-26""}]",591,4,FALSE
UID_12762,Level 3 (Full KYC),12/13/2023,"[{""Date"": ""2025-10-05"", ""Score"": 741}, {""Date"": ""2025-09-07"", ""Score"": 591}, {""Date"": ""2025-08-08"", ""Score"": 499}]","[{""AddressID"": ""ADDR-USR00038-1"", ""Street"": ""Street 205"", ""City"": ""New York"", ""State"": ""BER"", ""ZipCode"": ""88399"", ""MoveInDate"": ""2015-02-05""}, {""AddressID"": ""ADDR-USR00038-2"", ""Street"": ""Street 728"", ""City"": ""Berlin"", ""State"": ""TKY"", ""ZipCode"": ""52569"", ""MoveInDate"": ""2016-04-17""}, {""AddressID"": ""ADDR-USR00038-3"", ""Street"": ""Street 765"", ""City"": ""Tokyo"", ""State"": ""PAR"", ""ZipCode"": ""65915"", ""MoveInDate"": ""2017-12-27""}]",591,4,FALSE
UID_12423,Level 3 (Full KYC),5/10/2022,"[{""Date"": ""2025-10-10"", ""Score"": 783}, {""Date"": ""2025-09-12"", ""Score"": 545}, {""Date"": ""2025-08-03"", ""Score"": 844}]","[{""AddressID"": ""ADDR-USR00039-1"", ""Street"": ""Street 913"", ""City"": ""New York"", ""State"": ""LON"", ""ZipCode"": ""83648"", ""MoveInDate"": ""2015-09-30""}, {""AddressID"": ""ADDR-USR00039-2"", ""Street"": ""Street 449"", ""City"": ""Paris"", ""State"": ""PAR"", ""ZipCode"": ""48778"", ""MoveInDate"": ""2016-07-18""}, {""AddressID"": ""ADDR-USR00039-3"", ""Street"": ""Street 525"", ""City"": ""Paris"", ""State"": ""NY"", ""ZipCode"": ""11337"", ""MoveInDate"": ""2017-10-25""}]",591,1,FALSE
UID_02468,Level 3 (Full KYC),2/13/2024,"[{""Date"": ""2025-10-17"", ""Score"": 468}, {""Date"": ""2025-09-17"", ""Score"": 783}, {""Date"": ""2025-08-15"", ""Score"": 616}]","[{""AddressID"": ""ADDR-USR00040-1"", ""Street"": ""Street 420"", ""City"": ""Berlin"", ""State"": ""PAR"", ""ZipCode"": ""27826"", ""MoveInDate"": ""2015-01-16""}, {""AddressID"": ""ADDR-USR00040-2"", ""Street"": ""Street 307"", ""City"": ""London"", ""State"": ""LON"", ""ZipCode"": ""55243"", ""MoveInDate"": ""2016-05-24""}, {""AddressID"": ""ADDR-USR00040-3"", ""Street"": ""Street 865"", ""City"": ""Berlin"", ""State"": ""PAR"", ""ZipCode"": ""93817"", ""MoveInDate"": ""2017-07-14""}]",616,5,FALSE
UID_14844,Level 3 (Full KYC),11/11/2020,"[{""Date"": ""2025-10-11"", ""Score"": 616}, {""Date"": ""2025-09-02"", ""Score"": 783}, {""Date"": ""2025-08-01"", ""Score"": 790}]","[{""AddressID"": ""ADDR-USR00041-1"", ""Street"": ""Street 168"", ""City"": ""Paris"", ""State"": ""BER"", ""ZipCode"": ""11018"", ""MoveInDate"": ""2015-06-07""}, {""AddressID"": ""ADDR-USR00041-2"", ""Street"": ""Street 249"", ""City"": ""New York"", ""State"": ""TKY"", ""ZipCode"": ""36599"", ""MoveInDate"": ""2016-09-28""}, {""AddressID"": ""ADDR-USR00041-3"", ""Street"": ""Street 633"", ""City"": ""Paris"", ""State"": ""TKY"", ""ZipCode"": ""45456"", ""MoveInDate"": ""2017-07-19""}]",844,3,FALSE
UID_10428,Level 2 (Verified),11/18/2024,"[{""Date"": ""2025-10-21"", ""Score"": 545}, {""Date"": ""2025-09-19"", ""Score"": 545}, {""Date"": ""2025-08-09"", ""Score"": 790}]","[{""AddressID"": ""ADDR-USR00042-1"", ""Street"": ""Street 421"", ""City"": ""London"", ""State"": ""TKY"", ""ZipCode"": ""39509"", ""MoveInDate"": ""2015-08-11""}, {""AddressID"": ""ADDR-USR00042-2"", ""Street"": ""Street 547"", ""City"": ""New York"", ""State"": ""LON"", ""ZipCode"": ""97259"", ""MoveInDate"": ""2016-07-28""}, {""AddressID"": ""ADDR-USR00042-3"", ""Street"": ""Street 767"", ""City"": ""Tokyo"", ""State"": ""BER"", ""ZipCode"": ""24749"", ""MoveInDate"": ""2017-07-14""}]",790,4,FALSE
UID_12392,Level 3 (Full KYC),1/10/2025,"[{""Date"": ""2025-10-14"", ""Score"": 790}, {""Date"": ""2025-09-15"", ""Score"": 741}, {""Date"": ""2025-08-08"", ""Score"": 499}]","[{""AddressID"": ""ADDR-USR00043-1"", ""Street"": ""Street 979"", ""City"": ""Paris"", ""State"": ""TKY"", ""ZipCode"": ""12079"", ""MoveInDate"": ""2015-03-26""}, {""AddressID"": ""ADDR-USR00043-2"", ""Street"": ""Street 395"", ""City"": ""Tokyo"", ""State"": ""NY"", ""ZipCode"": ""62526"", ""MoveInDate"": ""2016-05-10""}, {""AddressID"": ""ADDR-USR00043-3"", ""Street"": ""Street 833"", ""City"": ""Tokyo"", ""State"": ""BER"", ""ZipCode"": ""94410"", ""MoveInDate"": ""2017-01-06""}]",790,1,FALSE
UID_11517,Level 1 (Basic),1/18/2025,"[{""Date"": ""2025-10-02"", ""Score"": 499}, {""Date"": ""2025-09-02"", ""Score"": 783}, {""Date"": ""2025-08-24"", ""Score"": 616}]","[{""AddressID"": ""ADDR-USR00044-1"", ""Street"": ""Street 321"", ""City"": ""Berlin"", ""State"": ""NY"", ""ZipCode"": ""61161"", ""MoveInDate"": ""2015-03-18""}, {""AddressID"": ""ADDR-USR00044-2"", ""Street"": ""Street 795"", ""City"": ""New York"", ""State"": ""NY"", ""ZipCode"": ""31382"", ""MoveInDate"": ""2016-10-20""}, {""AddressID"": ""ADDR-USR00044-3"", ""Street"": ""Street 892"", ""City"": ""London"", ""State"": ""LON"", ""ZipCode"": ""28623"", ""MoveInDate"": ""2017-10-20""}]",783,4,FALSE
UID_07260,Level 1 (Basic),11/20/2022,"[{""Date"": ""2025-10-07"", ""Score"": 608}, {""Date"": ""2025-09-09"", ""Score"": 591}, {""Date"": ""2025-08-24"", ""Score"": 499}]","[{""AddressID"": ""ADDR-USR00045-1"", ""Street"": ""Street 873"", ""City"": ""London"", ""State"": ""PAR"", ""ZipCode"": ""85813"", ""MoveInDate"": ""2015-03-01""}, {""AddressID"": ""ADDR-USR00045-2"", ""Street"": ""Street 282"", ""City"": ""Berlin"", ""State"": ""LON"", ""ZipCode"": ""62599"", ""MoveInDate"": ""2016-11-29""}, {""AddressID"": ""ADDR-USR00045-3"", ""Street"": ""Street 883"", ""City"": ""Tokyo"", ""State"": ""NY"", ""ZipCode"": ""26685"", ""MoveInDate"": ""2017-02-22""}]",468,2,FALSE
UID_12509,Level 2 (Verified),2/16/2024,"[{""Date"": ""2025-09-29"", ""Score"": 616}, {""Date"": ""2025-09-11"", ""Score"": 608}, {""Date"": ""2025-08-10"", ""Score"": 616}]","[{""AddressID"": ""ADDR-USR00046-1"", ""Street"": ""Street 307"", ""City"": ""Tokyo"", ""State"": ""TKY"", ""ZipCode"": ""30864"", ""MoveInDate"": ""2015-10-29""}, {""AddressID"": ""ADDR-USR00046-2"", ""Street"": ""Street 641"", ""City"": ""Berlin"", ""State"": ""BER"", ""ZipCode"": ""85660"", ""MoveInDate"": ""2016-10-05""}, {""AddressID"": ""ADDR-USR00046-3"", ""Street"": ""Street 788"", ""City"": ""Berlin"", ""State"": ""PAR"", ""ZipCode"": ""50041"", ""MoveInDate"": ""2017-12-05""}]",468,5,FALSE
UID_10627,Level 3 (Full KYC),11/7/2021,"[{""Date"": ""2025-09-30"", ""Score"": 616}, {""Date"": ""2025-09-17"", ""Score"": 591}, {""Date"": ""2025-08-19"", ""Score"": 616}]","[{""AddressID"": ""ADDR-USR00047-1"", ""Street"": ""Street 207"", ""City"": ""Paris"", ""State"": ""PAR"", ""ZipCode"": ""75420"", ""MoveInDate"": ""2015-06-23""}, {""AddressID"": ""ADDR-USR00047-2"", ""Street"": ""Street 601"", ""City"": ""London"", ""State"": ""NY"", ""ZipCode"": ""11216"", ""MoveInDate"": ""2016-07-21""}, {""AddressID"": ""ADDR-USR00047-3"", ""Street"": ""Street 887"", ""City"": ""Paris"", ""State"": ""PAR"", ""ZipCode"": ""40210"", ""MoveInDate"": ""2017-01-08""}]",499,4,FALSE
UID_05492,Level 2 (Verified),12/23/2024,"[{""Date"": ""2025-10-17"", ""Score"": 608}, {""Date"": ""2025-09-13"", ""Score"": 790}, {""Date"": ""2025-08-01"", ""Score"": 616}]","[{""AddressID"": ""ADDR-USR00048-1"", ""Street"": ""Street 802"", ""City"": ""Berlin"", ""State"": ""PAR"", ""ZipCode"": ""15506"", ""MoveInDate"": ""2015-12-24""}, {""AddressID"": ""ADDR-USR00048-2"", ""Street"": ""Street 842"", ""City"": ""Berlin"", ""State"": ""LON"", ""ZipCode"": ""94579"", ""MoveInDate"": ""2016-05-29""}, {""AddressID"": ""ADDR-USR00048-3"", ""Street"": ""Street 337"", ""City"": ""New York"", ""State"": ""TKY"", ""ZipCode"": ""97866"", ""MoveInDate"": ""2017-04-22""}]",844,1,FALSE
UID_08270,Level 3 (Full KYC),3/17/2024,"[{""Date"": ""2025-10-23"", ""Score"": 591}, {""Date"": ""2025-09-09"", ""Score"": 499}, {""Date"": ""2025-08-09"", ""Score"": 608}]","[{""AddressID"": ""ADDR-USR00049-1"", ""Street"": ""Street 225"", ""City"": ""Berlin"", ""State"": ""PAR"", ""ZipCode"": ""42474"", ""MoveInDate"": ""2015-09-19""}, {""AddressID"": ""ADDR-USR00049-2"", ""Street"": ""Street 530"", ""City"": ""Tokyo"", ""State"": ""LON"", ""ZipCode"": ""38276"", ""MoveInDate"": ""2016-05-10""}, {""AddressID"": ""ADDR-USR00049-3"", ""Street"": ""Street 980"", ""City"": ""New York"", ""State"": ""LON"", ""ZipCode"": ""21806"", ""MoveInDate"": ""2017-05-09""}]",616,2,TRUE
UID_02659,Level 3 (Full KYC),6/19/2021,"[{""Date"": ""2025-10-16"", ""Score"": 468}, {""Date"": ""2025-08-31"", ""Score"": 499}, {""Date"": ""2025-08-24"", ""Score"": 783}]","[{""AddressID"": ""ADDR-USR00050-1"", ""Street"": ""Street 572"", ""City"": ""Paris"", ""State"": ""PAR"", ""ZipCode"": ""60091"", ""MoveInDate"": ""2015-03-24""}, {""AddressID"": ""ADDR-USR00050-2"", ""Street"": ""Street 706"", ""City"": ""Tokyo"", ""State"": ""NY"", ""ZipCode"": ""81551"", ""MoveInDate"": ""2016-04-09""}, {""AddressID"": ""ADDR-USR00050-3"", ""Street"": ""Street 403"", ""City"": ""Berlin"", ""State"": ""LON"", ""ZipCode"": ""90712"", ""MoveInDate"": ""2017-10-11""}]",783,3,TRUE
